Kickoff,Competition,Home,Away,Home win,Draw,Away win,Expected goals,Over 2.5,BTTS,Final score,Locked prediction? (yes/no)
2026-10-02 23:00:00,Serie A (Brazil),Sao Paulo,Santos,—,—,—,—,—,—,1-2,no
2026-10-03 21:30:00,Serie A (Brazil),CA Mineiro,RB Bragantino,0.4527,0.2904,0.2569,1.37 – 0.98,0.4201,0.537,,
2026-10-07 22:30:00,Serie A (Brazil),RB Bragantino,Mirassol,0.487,0.2763,0.2367,1.51 – 1.00,0.4569,0.548,,
2026-10-07 22:30:00,Serie A (Brazil),Internacional,SC Corinthians Paulista,0.3895,0.3296,0.2809,1.06 – 0.87,0.3017,0.4997,,
2026-10-07 22:30:00,Serie A (Brazil),Clube do Remo,Grêmio FBPA,0.4301,0.283,0.287,1.41 – 1.12,0.4659,0.5535,,
2026-10-07 23:00:00,Serie A (Brazil),EC Vitória,Chapecoense AF,0.5157,0.2559,0.2284,1.67 – 1.06,0.5204,0.5634,,
2026-10-07 23:30:00,Serie A (Brazil),Botafogo FR,CR Vasco da Gama,0.4791,0.2626,0.2583,1.66 – 1.17,0.5395,0.5734,,
2026-10-08 00:30:00,Serie A (Brazil),Cruzeiro EC,Sao Paulo,0.5397,0.2655,0.1947,1.63 – 0.91,0.4689,0.54,,
2026-10-08 22:30:00,Serie A (Brazil),Santos,CR Flamengo,0.2247,0.26,0.5153,1.07 – 1.68,0.5159,0.5628,,
2026-10-08 23:00:00,Serie A (Brazil),CA Paranaense,CA Mineiro,0.499,0.2656,0.2354,1.62 – 1.07,0.502,0.5582,,
2026-10-09 00:30:00,Serie A (Brazil),Fluminense,Coritiba FBC,0.5923,0.2312,0.1766,2.00 – 1.05,0.5853,0.5726,,
2026-10-09 00:30:00,Serie A (Brazil),SE Palmeiras,EC Bahia,0.6077,0.2298,0.1625,1.99 – 0.97,0.5664,0.5625,,
2026-10-09 17:45:00,Primeira Liga,Moreirense,Gil Vicente,0.3474,0.306,0.3466,1.12 – 1.12,0.4478,0.5157,,
2026-10-09 18:00:00,Eredivisie,PSV,Heerenveen,0.7492,0.1491,0.1017,3.08 – 1.18,0.7255,0.6266,,
2026-10-09 18:30:00,Bundesliga,Borussia Dortmund,Werder Bremen,0.7171,0.1806,0.1023,2.38 – 0.85,0.6205,0.5485,,
2026-10-09 18:45:00,Ligue 1,Lens,Lyon,0.437,0.2627,0.3003,1.64 – 1.34,0.5785,0.6017,,
2026-10-09 19:00:00,Championship,West Ham United,Queens Park Rangers,0.5834,0.2231,0.1936,2.03 – 1.13,0.5937,0.5899,,
2026-10-09 19:00:00,La Liga,Malaga,Espanyol,0.4761,0.2691,0.2548,1.58 – 1.11,0.5258,0.5631,,
2026-10-09 19:15:00,Primeira Liga,Sp Braga,Sporting CP,0.4419,0.252,0.3061,1.76 – 1.44,0.6008,0.616,,
TBD,Championship,Southampton,Portsmouth,0.5999,0.2196,0.1804,2.12 – 1.10,0.6038,0.5874,,
TBD,Championship,West Ham United,Queens Park Rangers,0.5662,0.2263,0.2075,2.03 – 1.19,0.6013,0.5966,,
TBD,Premier League,Hull City,Everton,0.387,0.3018,0.3112,1.24 – 1.10,0.4665,0.5285,,
TBD,Premier League,Crystal Palace,Nottingham Forest,0.3461,0.2853,0.3686,1.22 – 1.27,0.4841,0.5458,,
TBD,Premier League,Coventry City,Newcastle United,0.4566,0.2609,0.2825,1.68 – 1.30,0.5722,0.5974,,
TBD,Premier League,Liverpool,Manchester City,0.2958,0.2615,0.4428,1.34 – 1.68,0.587,0.6028,,
TBD,Ligue 1,Rennes,Auxerre,0.5321,0.2471,0.2208,1.85 – 1.15,0.5797,0.5887,,
TBD,Ligue 1,Nice,Strasbourg,0.303,0.2673,0.4297,1.33 – 1.60,0.5726,0.5935,,
TBD,Ligue 1,Lens,Lyon,0.432,0.2584,0.3096,1.63 – 1.35,0.5771,0.6014,,
TBD,Ligue 1,Troyes,Marseille,0.3515,0.2659,0.3826,1.48 – 1.54,0.5776,0.608,,
TBD,Bundesliga,FC Koln,Borussia Monchengladbach,0.4399,0.2517,0.3084,1.73 – 1.41,0.6111,0.6153,,
TBD,Bundesliga,Freiburg,Schalke 04,0.4635,0.263,0.2735,1.59 – 1.18,0.5367,0.5726,,
TBD,Bundesliga,Borussia Dortmund,Werder Bremen,0.721,0.1769,0.1021,2.40 – 0.84,0.6197,0.545,,
2026-10-10 11:30:00,Championship,West Bromwich Albion,Birmingham City,0.3579,0.3147,0.3274,1.14 – 1.08,0.4428,0.5186,,
2026-10-10 11:30:00,Championship,Swansea City,Norwich City,0.4354,0.268,0.2966,1.58 – 1.29,0.5503,0.5841,,
2026-10-10 11:30:00,Championship,Charlton Athletic,Bristol City,0.3603,0.3054,0.3343,1.16 – 1.11,0.4513,0.5214,,
2026-10-10 11:30:00,Premier League,Arsenal,Leeds United,0.5731,0.2572,0.1697,1.66 – 0.81,0.4765,0.5089,,
2026-10-10 12:00:00,La Liga,Rayo Vallecano,Athletic Club,0.3981,0.3013,0.3006,1.23 – 1.04,0.4378,0.5158,,
2026-10-10 13:00:00,Serie A,Genoa,Fiorentina,0.3418,0.2949,0.3633,1.18 – 1.22,0.4662,0.5368,,
2026-10-10 13:30:00,Bundesliga,Mainz 05,Bayer Leverkusen,0.326,0.256,0.418,1.44 – 1.64,0.5964,0.6114,,
2026-10-10 13:30:00,Bundesliga,Paderborn,VfB Stuttgart,0.338,0.2545,0.4076,1.53 – 1.70,0.6027,0.6225,,
2026-10-10 13:30:00,Bundesliga,Union Berlin,Elversberg,0.299,0.2582,0.4428,1.33 – 1.65,0.5678,0.5969,,
2026-10-10 13:30:00,Bundesliga,Hoffenheim,Hamburger SV,0.5424,0.2295,0.2281,2.13 – 1.37,0.6627,0.6346,,
2026-10-10 13:30:00,Bundesliga,Augsburg,Bayern Munich,0.1121,0.1624,0.7255,1.14 – 2.83,0.7345,0.6238,,
2026-10-10 14:00:00,Championship,Sheffield United,Lincoln City,0.3333,0.2817,0.385,1.23 – 1.34,0.5044,0.557,,
2026-10-10 14:00:00,Championship,Watford,Burnley,0.3855,0.2897,0.3248,1.30 – 1.17,0.4879,0.5461,,
2026-10-10 14:00:00,Championship,Derby County,Wrexham,0.3931,0.274,0.3329,1.39 – 1.26,0.515,0.5637,,
2026-10-10 14:00:00,Championship,Blackburn Rovers,Cardiff City,0.3499,0.2891,0.361,1.25 – 1.28,0.499,0.551,,
2026-10-10 14:00:00,Championship,Bolton Wanderers,Stoke City,0.4697,0.2746,0.2557,1.53 – 1.08,0.512,0.554,,
2026-10-10 14:00:00,Championship,Preston North End,Millwall,0.306,0.2855,0.4085,1.14 – 1.35,0.4936,0.547,,
2026-10-10 14:00:00,Championship,Middlesbrough,Wolverhampton Wanderers,0.5358,0.2494,0.2148,1.84 – 1.12,0.5665,0.5823,,
2026-10-10 14:00:00,Premier League,Sunderland,Brighton & Hove Albion,0.2906,0.2817,0.4278,1.15 – 1.42,0.4999,0.5538,,
2026-10-10 14:00:00,Premier League,Chelsea,Bournemouth,0.4392,0.2606,0.3002,1.67 – 1.37,0.5913,0.6102,,
2026-10-10 14:00:00,Premier League,Ipswich Town,Fulham,0.4473,0.2761,0.2766,1.52 – 1.17,0.5262,0.5691,,
2026-10-10 14:00:00,Premier League,Aston Villa,Brentford,0.3998,0.267,0.3332,1.53 – 1.38,0.5664,0.5962,,
2026-10-10 14:15:00,La Liga,Deportivo Alaves,Atletico Madrid,0.2876,0.2844,0.4281,1.15 – 1.43,0.4991,0.5535,,
2026-10-10 14:30:00,Eredivisie,Go Ahead Eagles,Sparta Rotterdam,0.556,0.2331,0.2109,1.98 – 1.19,0.5964,0.5994,,
2026-10-10 14:30:00,Primeira Liga,Casa Pia,Santa Clara,0.2417,0.3108,0.4475,0.82 – 1.20,0.4071,0.4784,,
2026-10-10 15:15:00,Ligue 1,Lille,Le Havre,0.5883,0.2552,0.1565,1.62 – 0.74,0.4539,0.4903,,
2026-10-10 16:00:00,Serie A,Inter,Parma,0.724,0.1805,0.0955,2.29 – 0.76,0.5907,0.5232,,
2026-10-10 16:30:00,Premier League,Manchester United,Tottenham Hotspur,0.5881,0.2277,0.1842,2.03 – 1.11,0.6085,0.5933,,
2026-10-10 16:30:00,La Liga,Barcelona,Getafe,0.7316,0.1782,0.0902,2.21 – 0.68,0.5616,0.4964,,
2026-10-10 16:30:00,Bundesliga,RB Leipzig,Eintracht Frankfurt,0.564,0.2197,0.2163,2.28 – 1.41,0.6941,0.6527,,
2026-10-10 16:45:00,Eredivisie,Feyenoord,AZ,0.542,0.2317,0.2264,2.04 – 1.31,0.6188,0.6165,,
2026-10-10 17:00:00,Primeira Liga,Maritimo,Porto,0.1204,0.2153,0.6643,0.76 – 1.99,0.5314,0.5192,,
2026-10-10 18:00:00,Eredivisie,For Sittard,Twente,0.2375,0.2524,0.5101,1.21 – 1.82,0.575,0.5921,,
2026-10-10 18:45:00,Ligue 1,Brest,Angers,0.4787,0.2805,0.2408,1.51 – 1.01,0.488,0.5383,,
2026-10-10 18:45:00,Ligue 1,Lorient,Paris FC,0.3745,0.2823,0.3433,1.37 – 1.29,0.5148,0.5662,,
2026-10-10 18:45:00,Ligue 1,Paris Saint-Germain,Le Mans,0.6663,0.203,0.1306,2.23 – 0.95,0.5932,0.5663,,
2026-10-10 18:45:00,Ligue 1,Monaco,Toulouse,0.5452,0.2363,0.2184,1.87 – 1.13,0.585,0.583,,
2026-10-10 18:45:00,Serie A,Napoli,Frosinone,0.475,0.2829,0.2421,1.46 – 0.99,0.4851,0.5356,,
2026-10-10 19:00:00,La Liga,Real Madrid,Villarreal,0.6413,0.1957,0.163,2.40 – 1.19,0.6777,0.6177,,
2026-10-10 19:00:00,Eredivisie,Ajax,Nijmegen,0.562,0.2223,0.2157,2.15 – 1.32,0.6354,0.6244,,
2026-10-10 19:30:00,Primeira Liga,Academico Viseu,Estoril,0.5426,0.2482,0.2091,1.81 – 1.09,0.5546,0.5743,,
2026-10-10 20:00:00,Serie A (Brazil),CR Vasco da Gama,Clube do Remo,0.5313,0.2477,0.2209,1.78 – 1.11,0.5536,0.5714,,
TBD,Serie A (Brazil),Sao Paulo,EC Vitória,0.5299,0.2782,0.1919,1.48 – 0.81,0.4028,0.522,,
TBD,La Liga,Rayo Vallecano,Athletic Club,—,—,—,—,—,—,,
TBD,La Liga,Deportivo Alaves,Atletico Madrid,—,—,—,—,—,—,,
TBD,La Liga,Barcelona,Getafe,—,—,—,—,—,—,,
TBD,La Liga,Real Madrid,Villarreal,—,—,—,—,—,—,,
TBD,La Liga,Levante,Sevilla,—,—,—,—,—,—,,
TBD,La Liga,Malaga,Espanyol,—,—,—,—,—,—,,
TBD,Serie A,Atalanta,Venezia,—,—,—,—,—,—,,
TBD,Serie A,Inter,Parma,—,—,—,—,—,—,,
TBD,Serie A,Napoli,Frosinone,—,—,—,—,—,—,,
TBD,Serie A,Torino,Udinese,—,—,—,—,—,—,,
TBD,Serie A,Genoa,Fiorentina,—,—,—,—,—,—,,
2026-10-11 10:15:00,Eredivisie,Utrecht,Willem II,0.682,0.1897,0.1283,2.38 – 1.01,0.6252,0.5814,,
2026-10-11 10:30:00,Serie A,Como,Roma,0.3514,0.2917,0.3569,1.23 – 1.24,0.4757,0.5419,,
2026-10-11 11:00:00,Championship,Southampton,Portsmouth,0.5763,0.2318,0.1919,2.01 – 1.12,0.5897,0.5875,,
2026-10-11 12:00:00,La Liga,Elche,Celta Vigo,0.3823,0.2775,0.3401,1.41 – 1.31,0.529,0.5722,,
2026-10-11 12:30:00,Eredivisie,Zwolle,Cambuur,0.4627,0.2329,0.3044,2.02 – 1.64,0.6577,0.6538,,
2026-10-11 12:30:00,Eredivisie,Telstar,Den Haag,0.5467,0.2429,0.2103,1.85 – 1.10,0.5648,0.5741,,
2026-10-11 13:00:00,Premier League,Hull City,Everton,0.3732,0.3,0.3267,1.20 – 1.11,0.4609,0.5239,,
2026-10-11 13:00:00,Premier League,Crystal Palace,Nottingham Forest,0.3506,0.2933,0.3561,1.23 – 1.24,0.4762,0.542,,
2026-10-11 13:00:00,Ligue 1,Nice,Strasbourg,0.3157,0.262,0.4223,1.34 – 1.57,0.5691,0.593,,
2026-10-11 13:00:00,Serie A,Lecce,Bologna,0.2492,0.3006,0.4503,0.89 – 1.27,0.4098,0.4923,,
2026-10-11 13:00:00,Serie A,Lazio,Monza,0.4759,0.2847,0.2394,1.45 – 0.98,0.4701,0.5272,,
2026-10-11 13:30:00,Bundesliga,FC Koln,Borussia Monchengladbach,0.4502,0.2566,0.2933,1.72 – 1.38,0.6032,0.617,,
2026-10-11 14:15:00,La Liga,Real Sociedad,Deportivo La Coruna,0.4476,0.2678,0.2846,1.59 – 1.24,0.5462,0.5826,,
2026-10-11 14:30:00,Primeira Liga,Rio Ave,Nacional,0.3587,0.3008,0.3405,1.22 – 1.19,0.4776,0.5427,,
2026-10-11 14:45:00,Eredivisie,Excelsior,Groningen,0.4025,0.2632,0.3343,1.52 – 1.37,0.5553,0.5899,,
2026-10-11 15:15:00,Ligue 1,Rennes,Auxerre,0.5341,0.2409,0.225,1.84 – 1.16,0.5806,0.5857,,
2026-10-11 15:30:00,Premier League,Liverpool,Manchester City,0.2972,0.2616,0.4412,1.32 – 1.64,0.5755,0.5943,,
2026-10-11 15:30:00,Bundesliga,Freiburg,Schalke 04,0.4595,0.266,0.2745,1.61 – 1.21,0.5459,0.5771,,
2026-10-11 16:00:00,Serie A,Sassuolo,AC Milan,0.267,0.2694,0.4636,1.19 – 1.60,0.5442,0.5788,,
2026-10-11 16:30:00,La Liga,Real Betis,Osasuna,0.5962,0.2357,0.1681,1.86 – 0.92,0.5403,0.5446,,
2026-10-11 17:00:00,Primeira Liga,Benfica,Vitoria Guimaraes,0.7904,0.1469,0.0626,2.51 – 0.63,0.6079,0.5167,,
2026-10-11 18:45:00,Ligue 1,Troyes,Marseille,0.3346,0.2573,0.4081,1.44 – 1.61,0.5782,0.6042,,
2026-10-11 18:45:00,Serie A,Cagliari,Juventus,0.2103,0.2795,0.5102,0.85 – 1.44,0.4404,0.5004,,
2026-10-11 19:00:00,Serie A (Brazil),CA Mineiro,Santos,0.4713,0.2705,0.2582,1.56 – 1.12,0.5016,0.5633,,
2026-10-11 19:00:00,La Liga,Racing Santander,Valencia,0.5249,0.2394,0.2357,1.91 – 1.25,0.5927,0.6016,,
2026-10-11 19:30:00,Primeira Liga,Arouca,Estrela,0.519,0.2405,0.2406,1.86 – 1.23,0.5828,0.5938,,
2026-10-11 20:30:00,Serie A (Brazil),CR Flamengo,Fluminense,0.6488,0.2181,0.1332,1.98 – 0.82,0.5312,0.5413,,
2026-10-11 20:30:00,Serie A (Brazil),Grêmio FBPA,Internacional,0.4133,0.3039,0.2828,1.24 – 0.99,0.3851,0.5279,,
2026-10-11 20:30:00,Serie A (Brazil),SE Palmeiras,SC Corinthians Paulista,0.5988,0.2559,0.1453,1.58 – 0.67,0.386,0.5013,,
2026-10-11 22:30:00,Serie A (Brazil),EC Bahia,Mirassol,0.5267,0.2472,0.2261,1.84 – 1.16,0.5755,0.58,,
2026-10-12 16:30:00,Serie A,Atalanta,Venezia,0.4955,0.268,0.2365,1.62 – 1.07,0.5224,0.5593,,
2026-10-12 18:45:00,Serie A,Torino,Udinese,0.3478,0.2861,0.366,1.27 – 1.31,0.502,0.5574,,
2026-10-12 19:00:00,Serie A (Brazil),Coritiba FBC,Botafogo FR,0.4303,0.2617,0.308,1.62 – 1.36,0.5706,0.5876,,
2026-10-12 19:00:00,Premier League,Coventry City,Newcastle United,0.4391,0.2569,0.304,1.63 – 1.35,0.568,0.5957,,
2026-10-12 19:00:00,La Liga,Levante,Sevilla,0.479,0.2604,0.2606,1.66 – 1.18,0.5542,0.5804,,
2026-10-12 19:15:00,Primeira Liga,Famalicao,Alverca,0.5267,0.2827,0.1906,1.47 – 0.80,0.4522,0.4984,,
2026-10-12 22:30:00,Serie A (Brazil),Chapecoense AF,CA Paranaense,0.2412,0.2488,0.51,1.22 – 1.82,0.5861,0.5854,,
TBD,Serie A (Brazil),RB Bragantino,Cruzeiro EC,0.3667,0.2871,0.3463,1.26 – 1.21,0.4495,0.5513,,
2026-10-13 16:45:00,UEFA Champions League,Lens,Sporting CP,0.583,0.1957,0.2213,2.61 – 1.64,0.7237,0.6819,,
2026-10-13 16:45:00,UEFA Champions League,Sabah FK,Slavia Prague,0.4001,0.2498,0.3501,1.77 – 1.66,0.6688,0.6195,,
2026-10-13 18:45:00,Championship,Wolverhampton Wanderers,Bolton Wanderers,0.409,0.2739,0.3171,1.51 – 1.30,0.5429,0.5793,,
2026-10-13 18:45:00,Championship,Wrexham,West Bromwich Albion,0.4376,0.289,0.2734,1.36 – 1.04,0.475,0.5339,,
2026-10-13 18:45:00,Championship,Millwall,Swansea City,0.4316,0.2896,0.2788,1.38 – 1.08,0.4871,0.5424,,
2026-10-13 18:45:00,Championship,Cardiff City,Watford,0.5213,0.2596,0.2191,1.68 – 1.04,0.5287,0.557,,
2026-10-13 18:45:00,Championship,Burnley,Charlton Athletic,0.4283,0.294,0.2777,1.33 – 1.02,0.4689,0.5247,,
2026-10-13 18:45:00,Championship,Bristol City,Blackburn Rovers,0.4516,0.2867,0.2617,1.36 – 0.98,0.467,0.5231,,
2026-10-13 19:00:00,Championship,Birmingham City,Preston North End,0.5376,0.2663,0.1961,1.60 – 0.90,0.4918,0.5278,,
2026-10-13 19:00:00,Championship,Stoke City,Middlesbrough,0.3001,0.2807,0.4192,1.18 – 1.43,0.5107,0.5565,,
2026-10-13 19:00:00,UEFA Champions League,Inter,Club Brugge,0.8904,0.0707,0.0389,4.45 – 1.10,0.9124,0.606,,
2026-10-13 19:00:00,UEFA Champions League,Galatasaray,Barcelona,0.1349,0.1613,0.7038,1.36 – 2.99,0.814,0.6314,,
2026-10-13 19:00:00,UEFA Champions League,Atletico Madrid,Manchester United,0.4096,0.2458,0.3446,1.90 – 1.75,0.6874,0.6656,,
2026-10-13 19:00:00,UEFA Champions League,Arsenal,Lille,0.7421,0.1689,0.089,2.45 – 0.78,0.6219,0.5348,,
2026-10-13 19:00:00,UEFA Champions League,Viking FK,Bayern Munich,0.0826,0.1218,0.7956,1.16 – 3.39,0.8336,0.6081,,
2026-10-13 19:00:00,UEFA Champions League,RB Leipzig,PSV,0.3633,0.2206,0.4162,2.10 – 2.24,0.734,0.7083,,
2026-10-13 19:00:00,UEFA Champions League,Villarreal,Napoli,0.4264,0.2331,0.3406,1.92 – 1.73,0.6897,0.6669,,
2026-10-14 16:45:00,UEFA Champions League,LASK,Liverpool,—,—,—,—,—,—,,
2026-10-14 16:45:00,UEFA Champions League,Feyenoord,Como,—,—,—,—,—,—,,
2026-10-14 18:45:00,Championship,Portsmouth,Sheffield United,—,—,—,—,—,—,,
2026-10-14 18:45:00,Championship,Norwich City,Southampton,—,—,—,—,—,—,,
2026-10-14 18:45:00,Championship,Queens Park Rangers,Derby County,—,—,—,—,—,—,,
2026-10-14 19:00:00,Championship,Lincoln City,West Ham United,—,—,—,—,—,—,,
2026-10-14 19:00:00,UEFA Champions League,Roma,Real Madrid,—,—,—,—,—,—,,
2026-10-14 19:00:00,UEFA Champions League,Manchester City,Paris Saint-Germain,—,—,—,—,—,—,,
2026-10-14 19:00:00,UEFA Champions League,Bodo/Glimt,Borussia Dortmund,—,—,—,—,—,—,,
2026-10-14 19:00:00,UEFA Champions League,Aston Villa,Fenerbahce,—,—,—,—,—,—,,
2026-10-14 19:00:00,UEFA Champions League,Real Betis,Porto,—,—,—,—,—,—,,
2026-10-14 19:00:00,UEFA Champions League,Shakhtar Donetsk,PAE AEK,—,—,—,—,—,—,,
2026-10-14 19:00:00,UEFA Champions League,Slovan Bratislava,VfB Stuttgart,—,—,—,—,—,—,,
